{
    "ComponentIconsSize": 1.0,
    "ComponentIconsOffset": 21,
    "ComponentIconsSpacing": 2.0,
    "HierarchyTreeColor": {
        "r": 0.3529411852359772,
        "g": 0.3294117748737335,
        "b": 0.5215686559677124,
        "a": 1.0
    },
    "TreeBranchImageType_I": 0,
    "TreeBranchImageType_L": 0,
    "TreeBranchImageType_T": 0,
    "TreeBranchImageType_TerminalBud": 0,
    "TagColor": {
        "r": 0.5568627715110779,
        "g": 0.6235294342041016,
        "b": 0.8352941274642944,
        "a": 1.0
    },
    "TagTextAnchor": 5,
    "TagFontStyle": 3,
    "TagFontSize": 9,
    "LayerColor": {
        "r": 0.9803921580314636,
        "g": 0.9450980424880981,
        "b": 0.9176470637321472,
        "a": 1.0
    },
    "LayerTextAnchor": 3,
    "LayerFontStyle": 2,
    "LayerFontSize": 10,
    "TagLayerOffset": 5,
    "TagLayerSpacing": 5,
    "HierarchyLineColor": {
        "r": 0.5568627715110779,
        "g": 0.6235294342041016,
        "b": 0.8352941274642944,
        "a": 0.501960813999176
    },
    "HierarchyLineThickness": 1,
    "HierarchyButtonLockColor": {
        "r": 0.33725491166114809,
        "g": 0.3764705955982208,
        "b": 0.501960813999176,
        "a": 1.0
    },
    "HierarchyButtonVisibilityColor": {
        "r": 0.25882354378700259,
        "g": 0.3921568691730499,
        "b": 0.501960813999176,
        "a": 1.0
    },
    "FolderDefaultTextColor": {
        "r": 0.5568627715110779,
        "g": 0.6235294342041016,
        "b": 0.8352941274642944,
        "a": 1.0
    },
    "FolderDefaultFontSize": 11,
    "FolderDefaultFontStyle": 3,
    "FolderDefaultImageColor": {
        "r": 0.1921568661928177,
        "g": 0.5529412031173706,
        "b": 0.7960784435272217,
        "a": 1.0
    },
    "FolderDefaultImageType": 8,
    "SeparatorDefaultTextColor": {
        "r": 0.4941176474094391,
        "g": 0.7372549176216126,
        "b": 0.9372549057006836,
        "a": 1.0
    },
    "SeparatorDefaultIsGradientBackground": false,
    "SeparatorDefaultBackgroundColor": {
        "r": 0.23529411852359773,
        "g": 0.3529411852359772,
        "b": 0.5058823823928833,
        "a": 1.0
    },
    "SeparatorDefaultBackgroundGradient": {
        "serializedVersion": "2",
        "key0": {
            "r": 1.0,
            "g": 1.0,
            "b": 1.0,
            "a": 1.0
        },
        "key1": {
            "r": 1.0,
            "g": 1.0,
            "b": 1.0,
            "a": 1.0
        },
        "key2": {
            "r": 0.0,
            "g": 0.0,
            "b": 0.0,
            "a": 0.0
        },
        "key3": {
            "r": 0.0,
            "g": 0.0,
            "b": 0.0,
            "a": 0.0
        },
        "key4": {
            "r": 0.0,
            "g": 0.0,
            "b": 0.0,
            "a": 0.0
        },
        "key5": {
            "r": 0.0,
            "g": 0.0,
            "b": 0.0,
            "a": 0.0
        },
        "key6": {
            "r": 0.0,
            "g": 0.0,
            "b": 0.0,
            "a": 0.0
        },
        "key7": {
            "r": 0.0,
            "g": 0.0,
            "b": 0.0,
            "a": 0.0
        },
        "ctime0": 0,
        "ctime1": 65535,
        "ctime2": 0,
        "ctime3": 0,
        "ctime4": 0,
        "ctime5": 0,
        "ctime6": 0,
        "ctime7": 0,
        "atime0": 0,
        "atime1": 65535,
        "atime2": 0,
        "atime3": 0,
        "atime4": 0,
        "atime5": 0,
        "atime6": 0,
        "atime7": 0,
        "m_Mode": 0,
        "m_ColorSpace": -1,
        "m_NumColorKeys": 2,
        "m_NumAlphaKeys": 2
    },
    "SeparatorDefaultFontSize": 13,
    "SeparatorDefaultFontStyle": 3,
    "SeparatorDefaultTextAnchor": 4,
    "SeparatorDefaultImageType": 5,
    "SeparatorLeftSideTextAnchorOffset": 3,
    "SeparatorCenterTextAnchorOffset": -15,
    "SeparatorRightSideTextAnchorOffset": 36,
    "LockColor": {
        "r": 0.5568627715110779,
        "g": 0.6235294342041016,
        "b": 0.8352941274642944,
        "a": 1.0
    },
    "LockTextAnchor": 4,
    "LockFontStyle": 3,
    "LockFontSize": 11
}